category_sk,category_id,category_code
1,2053013551865397438,sport.trainer
2,2053013551882174655,construction.tools.welding
3,2053013551890563264,sport.ski
4,2053013551898951873,construction.tools.light
5,2053013551907340482,sport.ski
6,2053013551924117699,sport.ski
7,2053013551932506308,construction.tools.drill
8,2053013551940894917,computers.desktop
9,2053013551957672134,
10,2053013551966060743,kids.carriage
11,2053013552058335434,appliances.kitchen.meat_grinder
12,2053013552075112651,
13,2053013552125444301,appliances.environment.vacuum
14,2053013552167387343,appliances.environment.climate
15,2053013552192553169,
16,2053013552226107603,appliances.environment.fan
17,2053013552259662037,computers.components.power_supply
18,2053013552259662037,
19,2053013552293216471,appliances.environment.air_heater
20,2053013552326770905,appliances.environment.water_heater
21,2053013552351936731,appliances.environment.air_conditioner
22,2053013552385491165,appliances.sewing_machine
23,2053013552385491165,
24,2053013552427434207,apparel.shirt
25,2053013552427434207,
26,2053013552452600032,appliances.personal.scales
27,2053013552469377249,apparel.jeans
28,2053013552469377249,
29,2053013552502931683,computers.peripherals.camera
30,2053013552570040549,electronics.video.projector
31,2053013552603594983,electronics.video.tv
32,2053013552637149417,computers.peripherals.mouse
33,2053013552662315243,apparel.shoes.slipons
34,2053013552662315243,
35,2053013552695869677,electronics.tablet
36,2053013552737812719,stationery.cartrige
37,2053013552788144369,auto.accessories.parktronic
38,2053013552788144369,
39,2053013552821698803,computers.peripherals.mouse
40,2053013552821698803,
41,2053013552863641845,appliances.environment.fan
42,2053013552863641845,
43,2053013552888807671,computers.peripherals.mouse
44,2053013552913973497,computers.peripherals.keyboard
45,2053013552955916539,computers.peripherals.printer
46,2053013552989470973,computers.ebooks
47,2053013552989470973,
48,2053013553031414015,computers.peripherals.monitor
49,2053013553056579841,computers.peripherals.printer
50,2053013553090134275,kids.toys
51,2053013553098522884,kids.toys
52,2053013553115300101,
53,2053013553140465927,kids.toys
54,2053013553165631753,kids.toys
55,2053013553165631753,
56,2053013553199186187,
57,2053013553224352013,kids.dolls
58,2053013553257906447,kids.toys
59,2053013553283072273,apparel.sock
60,2053013553283072273,
61,2053013553316626707,computers.ebooks
62,2053013553325015316,appliances.kitchen.toster
63,2053013553341792533,electronics.clocks
64,2053013553375346967,computers.notebook
65,2053013553375346967,
66,2053013553400512793,apparel.pajamas
67,2053013553425678619,apparel.costume
68,2053013553459233053,apparel.shirt
69,2053013553459233053,
70,2053013553484398879,appliances.kitchen.toster
71,2053013553484398879,
72,2053013553526341921,appliances.ironing_board
73,2053013553526341921,
74,2053013553559896355,
75,2053013553585062181,electronics.audio.acoustic
76,2053013553610228007,auto.accessories.radar
77,2053013553635393833,appliances.personal.massager
78,2053013553668948267,apparel.costume
79,2053013553694114093,apparel.glove
80,2053013553727668527,apparel.shoes
81,2053013553761222961,apparel.shoes
82,2053013553786388787,apparel.shoes
83,2053013553819943221,accessories.bag
84,2053013553853497655,apparel.jeans
85,2053013553853497655,
86,2053013553887052089,apparel.shoes
87,2053013553887052089,
88,2053013553912217915,apparel.tshirt
89,2053013553912217915,
90,2053013553945772349,electronics.audio.subwoofer
91,2053013553970938175,auto.accessories.player
92,2053013554004492609,computers.components.cooler
93,2053013554012881218,computers.components.cpu
94,2053013554071601477,
95,2053013554096767303,computers.components.power_supply
96,2053013554121933129,computers.components.cpu
97,2053013554155487563,computers.components.motherboard
98,2053013554189041997,computers.components.memory
99,2053013554222596431,computers.components.hdd
100,2053013554247762257,computers.components.videocards
101,2053013554298093907,
102,2053013554323259733,electronics.camera.video
103,2053013554415534427,electronics.video.tv
104,2053013554449088861,furniture.living_room.chair
105,2053013554449088861,
106,2053013554474254687,electronics.audio.microphone
107,2053013554499420513,electronics.audio.acoustic
108,2053013554524586339,kids.dolls
109,2053013554524586339,
110,2053013554566529381,computers.desktop
111,2053013554591695207,electronics.audio.acoustic
112,2053013554625249641,electronics.camera.video
113,2053013554625249641,
114,2053013554658804075,electronics.audio.headphone
115,2053013554692358509,furniture.bathroom.bath
116,2053013554692358509,
117,2053013554725912943,appliances.kitchen.coffee_grinder
118,2053013554751078769,appliances.kitchen.grill
119,2053013554776244595,appliances.kitchen.microwave
120,2053013554834964853,appliances.kitchen.kettle
121,2053013554960793975,appliances.kitchen.toster
122,2053013554994348409,
123,2053013555036291451,appliances.personal.scales
124,2053013555069845885,appliances.kitchen.mixer
125,2053013555095011711,appliances.kitchen.coffee_machine
126,2053013555120177537,appliances.kitchen.steam_cooker
127,2053013555178897795,electronics.tablet
128,2053013555178897795,
129,2053013555220840837,appliances.kitchen.juicer
130,2053013555262783879,appliances.kitchen.blender
131,2053013555287949705,computers.peripherals.printer
132,2053013555287949705,
133,2053013555321504139,appliances.kitchen.meat_grinder
134,2053013555355058573,
135,2053013555380224399,apparel.shoes
136,2053013555380224399,
137,2053013555397001616,appliances.kitchen.mixer
138,2053013555413778833,electronics.telephone
139,2053013555413778833,
140,2053013555438944659,
141,2053013555464110485,furniture.bedroom.bed
142,2053013555497664919,electronics.telephone
143,2053013555531219353,electronics.telephone
144,2053013555573162395,electronics.telephone
145,2053013555631882655,electronics.smartphone
146,2053013555657048481,apparel.underwear
147,2053013555657048481,
148,2053013555690602915,apparel.costume
149,2053013555724157349,sport.bicycle
150,2053013555757711783,kids.skates
151,2053013555782877609,sport.bicycle
152,2053013555816432043,kids.skates
153,2053013555858375085,
154,2053013555883540911,apparel.underwear
155,2053013555942261171,sport.trainer
156,2053013555984204213,
157,2053013556009370039,construction.tools.saw
158,2053013556042924473,
159,2053013556110033341,
160,2053013556126810558,accessories.bag
161,2053013556135199167,construction.tools.welding
162,2053013556168753601,apparel.shirt
163,2053013556168753601,
164,2053013556202308035,construction.tools.saw
165,2053013556227473861,construction.tools.saw
166,2053013556252639687,construction.tools.drill
167,2053013556277805513,furniture.bathroom.bath
168,2053013556277805513,
169,2053013556311359947,construction.tools.drill
170,2053013556344914381,kids.fmcg.diapers
171,2053013556361691598,
172,2053013556403634639,
173,2053013556437189073,
174,2053013556462354899,apparel.shoes
175,2053013556462354899,
176,2053013556487520725,furniture.kitchen.chair
177,2053013556521075159,apparel.shoes
178,2053013556521075159,
179,2053013556546240985,furniture.kitchen.chair
180,2053013556546240985,
181,2053013556579795419,sport.trainer
182,2053013556579795419,
183,2053013556630127071,construction.tools.drill
184,2053013556655292897,apparel.shoes
185,2053013556722401763,kids.skates
186,2053013556755956197,appliances.kitchen.refrigerators
187,2053013556789510631,appliances.environment.vacuum
188,2053013556823065065,construction.tools.light
189,2053013556856619499,accessories.bag
190,2053013556881785325,furniture.living_room.chair
191,2053013556915339759,sport.ski
192,2053013556965671411,apparel.shoes
193,2053013556990837237,furniture.kitchen.table
194,2053013557024391671,apparel.shoes.moccasins
195,2053013557024391671,
196,2053013557066334713,
197,2053013557099889147,furniture.bedroom.bed
198,2053013557133443581,furniture.living_room.cabinet
199,2053013557166998015,
200,2053013557192163841,furniture.bedroom.bed
201,2053013557225718275,apparel.shoes.sandals
202,2053013557225718275,
203,2053013557234106884,sport.snowboard
204,2053013557343158789,construction.components.faucet
205,2053013557385101831,appliances.kitchen.dishwasher
206,2053013557385101831,
207,2053013557418656265,furniture.bathroom.toilet
208,2053013557452210699,electronics.clocks
209,2053013557452210699,
210,2053013557477376525,furniture.bathroom.bath
211,2053013557510930959,apparel.shirt
212,2053013557510930959,
213,2053013557544485393,sport.tennis
214,2053013557544485393,
215,2053013557569651219,auto.accessories.winch
216,2053013557569651219,
217,2053013557603205653,electronics.audio.music_tools.piano
218,2053013557645148695,electronics.audio.microphone
219,2053013557645148695,
220,2053013557670314521,electronics.audio.acoustic
221,2053013557695480347,appliances.environment.air_conditioner
222,2053013557695480347,
223,2053013557712257564,construction.tools.pump
224,2053013557737423389,
225,2053013557762589215,construction.tools.pump
226,2053013557787755041,computers.components.cooler
227,2053013557787755041,
228,2053013557829698083,country_yard.lawn_mower
229,2053013557846475300,
230,2053013557863252517,computers.components.cooler
231,2053013557896806951,country_yard.lawn_mower
232,2053013557930361385,
233,2053013557938749994,accessories.bag
234,2053013557955527211,country_yard.lawn_mower
235,2053013557955527211,
236,2053013558005858861,electronics.telephone
237,2053013558005858861,
238,2053013558031024687,furniture.kitchen.table
239,2053013558031024687,
240,2053013558072967729,furniture.kitchen.table
241,2053013558072967729,
242,2053013558098133555,furniture.kitchen.table
243,2053013558098133555,
244,2053013558131687989,apparel.shoes.keds
245,2053013558131687989,
246,2053013558156853815,apparel.shoes
247,2053013558156853815,
248,2053013558190408249,apparel.tshirt
249,2053013558190408249,
250,2053013558223962683,apparel.shoes
251,2053013558223962683,
252,2053013558249128509,apparel.shoes.keds
253,2053013558249128509,
254,2053013558282682943,construction.tools.drill
255,2053013558282682943,
256,2053013558316237377,furniture.kitchen.table
257,2053013558349791811,apparel.jeans
258,2053013558349791811,
259,2053013558391734853,computers.desktop
260,2053013558433677895,furniture.kitchen.table
261,2053013558458843721,apparel.shoes
262,2053013558458843721,
263,2053013558492398155,apparel.shoes
264,2053013558492398155,
265,2053013558525952589,electronics.smartphone
266,2053013558525952589,
267,2053013558559507023,apparel.shoes
268,2053013558559507023,
269,2053013558593061457,apparel.shoes
270,2053013558593061457,
271,2053013558618227283,construction.tools.welding
272,2053013558618227283,
273,2053013558643393109,apparel.shoes.keds
274,2053013558643393109,
275,2053013558668558935,accessories.bag
276,2053013558668558935,
277,2053013558727279193,accessories.bag
278,2053013558727279193,
279,2053013558752445019,auto.accessories.compressor
280,2053013558752445019,
281,2053013558785999453,apparel.shoes.moccasins
282,2053013558785999453,
283,2053013558802776671,apparel.shoes.ballet_shoes
284,2053013558802776671,
285,2053013558836331105,apparel.shoes.keds
286,2053013558836331105,
287,2053013558861496931,apparel.shoes
288,2053013558861496931,
289,2053013558895051365,apparel.shoes
290,2053013558895051365,
291,2053013558920217191,computers.notebook
292,2053013558945383017,accessories.bag
293,2053013558978937451,sport.bicycle
294,2053013558978937451,
295,2053013558987326060,apparel.shoes.moccasins
296,2053013559071212141,apparel.shoes
297,2053013559071212141,
298,2053013559104766575,apparel.costume
299,2053013559104766575,
300,2053013559138321009,apparel.trousers
301,2053013559138321009,
302,2053013559222207091,
303,2053013559255761525,sport.ski
304,2053013559289315959,apparel.shoes
305,2053013559322870393,apparel.costume
306,2053013559348036219,sport.ski
307,2053013559381590653,apparel.shoes
308,2053013559406756479,sport.snowboard
309,2053013559440310913,sport.snowboard
310,2053013559473865347,apparel.shoes
311,2053013559473865347,
312,2053013559515808389,construction.tools.saw
313,2053013559515808389,
314,2053013559549362823,computers.components.cooler
315,2053013559566140040,construction.tools.pump
316,2053013559574528649,medicine.tools.tonometer
317,2053013559608083083,medicine.tools.tonometer
318,2053013559641637517,apparel.costume
319,2053013559641637517,
320,2053013559675191951,appliances.kitchen.fryer
321,2053013559675191951,
322,2053013559708746385,apparel.tshirt
323,2053013559708746385,
324,2053013559733912211,apparel.trousers
325,2053013559733912211,
326,2053013559767466645,sport.trainer
327,2053013559767466645,
328,2053013559792632471,furniture.living_room.sofa
329,2053013559842964121,furniture.living_room.chair
330,2053013559868129947,computers.desktop
331,2053013559901684381,furniture.kitchen.chair
332,2053013559935238815,
333,2053013559960404641,appliances.environment.vacuum
334,2053013559985570467,country_yard.cultivator
335,2053013560010736293,apparel.underwear
336,2053013560010736293,
337,2053013560035902119,apparel.pajamas
338,2053013560035902119,
339,2053013560061067945,country_yard.lawn_mower
340,2053013560086233771,construction.tools.pump
341,2053013560111399597,apparel.shirt
342,2053013560111399597,
343,2053013560144954031,sport.tennis
344,2053013560144954031,
345,2053013560178508465,construction.tools.generator
346,2053013560220451507,apparel.shirt
347,2053013560220451507,
348,2053013560237228724,appliances.kitchen.kettle
349,2053013560287560373,stationery.cartrige
350,2053013560287560373,
351,2053013560312726199,furniture.living_room.chair
352,2053013560346280633,kids.carriage
353,2053013560388223675,apparel.sock
354,2053013560413389501,apparel.dress
355,2053013560413389501,
356,2053013560463721151,apparel.jumper
357,2053013560463721151,
358,2053013560497275585,electronics.camera.photo
359,2053013560530830019,electronics.camera.video
360,2053013560555995845,auto.accessories.compressor
361,2053013560555995845,
362,2053013560581161671,auto.accessories.compressor
363,2053013560623104713,auto.accessories.parktronic
364,2053013560807654091,auto.accessories.alarm
365,2053013560841208525,electronics.audio.subwoofer
366,2053013560841208525,
367,2053013560866374351,auto.accessories.radar
368,2053013560899928785,auto.accessories.videoregister
369,2053013561059312345,electronics.tablet
370,2053013561092866779,computers.desktop
371,2053013561126421213,apparel.jumper
372,2053013561126421213,
373,2053013561159975647,
374,2053013561185141473,accessories.umbrella
375,2053013561185141473,
376,2053013561218695907,stationery.cartrige
377,2053013561218695907,
378,2053013561243861733,
379,2053013561277416167,
380,2053013561302581993,apparel.shoes.moccasins
381,2053013561302581993,
382,2053013561327747819,apparel.shoes.ballet_shoes
383,2053013561327747819,
384,2053013561352913645,
385,2053013561420022511,accessories.bag
386,2053013561453576945,apparel.costume
387,2053013561453576945,
388,2053013561495519987,electronics.clocks
389,2053013561495519987,
390,2053013561529074421,electronics.clocks
391,2053013561529074421,
392,2053013561554240247,electronics.clocks
393,2053013561554240247,
394,2053013561579406073,electronics.clocks
395,2053013561587794682,electronics.clocks
396,2053013561604571899,apparel.costume
397,2053013561604571899,
398,2053013561621349116,kids.skates
399,2053013561638126333,apparel.shirt
400,2053013561638126333,
401,2053013561663292159,furniture.bathroom.bath
402,2053013561663292159,
403,2053013561696846593,construction.tools.welding
404,2053013561696846593,
405,2053013561747178243,
406,2053013561780732677,furniture.bedroom.pillow
407,2053013561814287111,auto.accessories.anti_freeze
408,2053013561814287111,
409,2053013561847841545,furniture.bedroom.blanket
410,2053013561889784587,furniture.bedroom.blanket
411,2053013561914950413,
412,2053013561956893455,kids.skates
413,2053013561956893455,
414,2053013561982059281,apparel.costume
415,2053013561982059281,
416,2053013562082722579,apparel.shoes
417,2053013562082722579,
418,2053013562116277013,construction.tools.light
419,2053013562149831447,furniture.universal.light
420,2053013562183385881,
421,2053013562208551707,
422,2053013562250494749,construction.tools.welding
423,2053013562250494749,
424,2053013562292437791,medicine.tools.tonometer
425,2053013562325992225,construction.tools.welding
426,2053013562325992225,
427,2053013562359546659,apparel.shirt
428,2053013562359546659,
429,2053013562393101093,apparel.jumper
430,2053013562393101093,
431,2053013562451821351,apparel.costume
432,2053013562451821351,
433,2053013562476987177,kids.skates
434,2053013562502153003,auto.accessories.anti_freeze
435,2053013562527318829,furniture.living_room.cabinet
436,2053013562560873263,furniture.living_room.cabinet
437,2053013562560873263,
438,2053013562611204913,apparel.shoes
439,2053013562611204913,
440,2053013562644759347,apparel.shoes
441,2053013562644759347,
442,2053013562686702389,kids.skates
443,2053013562720256823,computers.desktop
444,2053013562753811257,apparel.skirt
445,2053013562753811257,
446,2053013562778977083,sport.ski
447,2053013562778977083,
448,2053013562812531517,
449,2053013562837697343,sport.ski
450,2053013562837697343,
451,2053013562871251777,apparel.dress
452,2053013562871251777,
453,2053013562913194819,sport.ski
454,2053013562913194819,
455,2053013562946749253,appliances.personal.scales
456,2053013562971915079,appliances.personal.hair_cutter
457,2053013563097744201,appliances.personal.hair_cutter
458,2053013563139687243,apparel.shoes
459,2053013563139687243,
460,2053013563173241677,apparel.shoes
461,2053013563173241677,
462,2053013563215184719,apparel.shoes
463,2053013563215184719,
464,2053013563248739153,apparel.shoes
465,2053013563248739153,
466,2053013563273904979,construction.tools.welding
467,2053013563273904979,
468,2053013563307459413,apparel.shoes
469,2053013563307459413,
470,2053013563332625239,apparel.shoes
471,2053013563332625239,
472,2053013563366179673,apparel.glove
473,2053013563366179673,
474,2053013563391345499,apparel.glove
475,2053013563391345499,
476,2053013563424899933,apparel.underwear
477,2053013563424899933,
478,2053013563450065759,apparel.shoes
479,2053013563450065759,
480,2053013563483620193,appliances.kitchen.fryer
481,2053013563483620193,
482,2053013563517174627,sport.ski
483,2053013563517174627,
484,2053013563550729061,sport.ski
485,2053013563550729061,
486,2053013563584283495,sport.ski
487,2053013563584283495,
488,2053013563651392361,
489,2053013563693335403,sport.ski
490,2053013563693335403,
491,2053013563718501229,computers.components.cooler
492,2053013563743667055,appliances.kitchen.hood
493,2053013563768832881,apparel.costume
494,2053013563768832881,
495,2053013563810775923,appliances.kitchen.washer
496,2053013563835941749,appliances.kitchen.refrigerators
497,2053013563877884791,appliances.kitchen.hob
498,2053013563911439225,appliances.kitchen.refrigerators
499,2053013563944993659,appliances.kitchen.dishwasher
500,2053013563970159485,appliances.kitchen.refrigerators
501,2053013563970159485,
502,2053013564003713919,appliances.kitchen.oven
503,2053013564087600005,apparel.tshirt
504,2053013564154708873,apparel.jumper
505,2053013564154708873,
506,2053013564523807647,sport.trainer
507,2053013564557362081,furniture.kitchen.table
508,2053013564557362081,
509,2053013564599305123,sport.trainer
510,2053013564641248165,construction.tools.screw
511,2053013564641248165,
512,2053013564674802599,sport.trainer
513,2053013564699968425,apparel.shirt
514,2053013564741911467,apparel.shirt
515,2053013564741911467,
516,2053013564918072245,apparel.pajamas
517,2053013564918072245,
518,2053013564968403895,appliances.kitchen.fryer
519,2053013564968403895,
520,2053013565043901371,apparel.shoes
521,2053013565069067197,apparel.shoes.keds
522,2053013565127787455,apparel.shoes
523,2053013565152953281,apparel.shoes.step_ins
524,2053013565194896323,apparel.shoes.sandals
525,2053013565228450757,apparel.shoes
526,2053013565253616583,apparel.shoes.moccasins
527,2053013565329114057,apparel.shoes.slipons
528,2053013565362668491,apparel.shoes.keds
529,2053013565413000141,apparel.shoes.slipons
530,2053013565446554575,apparel.shoes.keds
531,2053013565480109009,apparel.shoes.keds
532,2053013565505274835,apparel.shoes.espadrilles
533,2053013565547217877,accessories.bag
534,2053013565589160919,apparel.pajamas
535,2053013565589160919,
536,2053013565639492569,apparel.shoes
537,2053013565681435611,apparel.shoes.sandals
538,2053013565706601437,apparel.shoes.moccasins
539,2053013565748544479,apparel.shoes
540,2053013565782098913,apparel.shoes
541,2053013565824041955,apparel.shoes.sandals
542,2053013565857596389,apparel.shoes.ballet_shoes
543,2053013565882762215,apparel.jumper
544,2053013565882762215,
545,2053013565916316649,appliances.personal.massager
546,2053013565941482475,appliances.personal.massager
547,2053013565983425517,appliances.environment.vacuum
548,2053013566033757167,appliances.ironing_board
549,2053013566067311601,
550,2053013566100866035,appliances.sewing_machine
551,2053013566142809077,construction.tools.generator
552,2053013566176363511,appliances.iron
553,2053013566209917945,accessories.bag
554,2053013566243472379,accessories.wallet
555,2053013566277026813,apparel.belt
556,2053013566310581247,
557,2053013566344134657,
558,2053013566377689091,apparel.underwear
559,2053013566377689091,
560,2053013566411243525,
561,2053013566453186567,apparel.shoes
562,2053013566453186567,
563,2053013566478352393,apparel.underwear
564,2053013566478352393,
565,2053013566537072653,kids.swing
566,2053013566562238479,apparel.jeans
567,2053013566562238479,
568,2053013566587404305,apparel.jeans
569,2053013566587404305,
570,2055156895844401457,apparel.trousers
571,2055156895844401457,
572,2055156924273394455,apparel.skirt
573,2055156924273394455,
574,2055156924315337497,
575,2055156924407612189,accessories.bag
576,2055156924466332447,apparel.jeans
577,2055156924466332447,
578,2055909009252155819,apparel.trousers
579,2055909009252155819,
580,2058719826188173878,
581,2058719829233238746,
582,2059484387635888645,
583,2059484599339188409,apparel.jacket
584,2059484599339188409,
585,2059484599372742843,
586,2059484599414685885,apparel.jacket
587,2059484599414685885,
588,2059484599456628927,
589,2059484601444729123,apparel.shirt
590,2059484601444729123,
591,2059484601981600061,country_yard.furniture.hammok
592,2059484602015154495,country_yard.furniture.bench
593,2059484602216481097,apparel.shirt
594,2059484602216481097,
595,2060237588744111062,
596,2060237591176806498,
597,2060981320481243178,furniture.living_room.shelving
598,2060981320481243178,
599,2060981320514797612,furniture.living_room.shelving
600,2060981320514797612,
601,2060981320548352046,
602,2060981320581906480,
603,2061717937420501730,furniture.living_room.shelving
604,2061717937420501730,
605,2061717948367634684,
606,2061717948468297988,computers.components.sound_card
607,2061717948468297988,
608,2061717948493463814,computers.peripherals.printer
609,2061717948493463814,
610,2062461754293617058,computers.peripherals.printer
611,2062461754293617058,
612,2069241407767315312,apparel.scarf
613,2069241409453425602,appliances.kitchen.grill
614,2070004998778912979,
615,2070005009172398851,
616,2070005009256284935,apparel.jacket
617,2070005009256284935,
618,2070005009340171019,apparel.underwear
619,2070005009382114061,apparel.underwear
620,2070747671722722162,
621,2070747673266226092,kids.toys
622,2070747673266226092,
623,2070747673358500784,
624,2071489994601529806,
625,2071489994693804498,
626,2071490004441367490,apparel.sock
627,2071490004441367490,
628,2074462942123786261,
629,2075210504652981138,
630,2075210506532029436,
631,2075210506573972478,
632,2075962323838697472,kids.skates
633,2075962341706433246,
634,2075962341748376288,apparel.shirt
635,2075962341748376288,
636,2075962341790319330,
637,2076715358323998979,
638,2076715364204413467,apparel.shorts
639,2076715364204413467,
640,2076715364237967901,apparel.shorts
641,2076715364279910943,appliances.environment.air_conditioner
642,2076715364279910943,
643,2077453854185620383,appliances.kitchen.toster
644,2078957452602114300,auto.accessories.light
645,2078957452602114300,
646,2078957452635668734,kids.fmcg.diapers
647,2078957452635668734,
648,2078957452669223168,
649,2078957461921858354,
650,2078957461947024180,apparel.tshirt
651,2079713971606127501,
652,2079713978300236035,
653,2079713978711277851,apparel.shoes
654,2079713979038433581,apparel.shoes
655,2079713982830084515,
656,2079713983761220055,
657,2080463777567867259,
658,2080463777718862211,construction.tools.welding
659,2080463777718862211,
660,2082717806897398246,
661,2084217994270999025,
662,2084218014168776941,
663,2084962291626803333,
664,2084962304016777941,apparel.costume
665,2085718636156158307,
666,2086471225382536008,
667,2086471239416676686,
668,2086471240800797129,apparel.trousers
669,2086471240842740173,apparel.shirt
670,2088750507198775704,
671,2089490106086851034,
672,2089490116119625748,
673,2090228401527849663,
674,2090228413380952337,apparel.underwear
675,2090228413959766319,
676,2090971675423146874,
677,2090971680431145002,
678,2090971680481476652,
679,2090971680783466556,
680,2090971685539807320,
681,2090971686529663114,appliances.environment.vacuum
682,2091727629378912491,
683,2094006184079000416,
684,2094006249627582860,accessories.umbrella
685,2095518906859913319,
686,2095518917320508073,
687,2095518921321874323,furniture.living_room.cabinet
688,2095518921355428757,
689,2096280510920655375,construction.tools.saw
690,2096280538292683405,appliances.kitchen.kettle
691,2096280601366626625,
692,2097815753423061045,apparel.tshirt
693,2098563440799908223,
694,2098563448148329133,
695,2098563450757186313,construction.tools.light
696,2098563460336976001,construction.tools.pump
697,2099306010899383229,
698,2100064855133258156,apparel.shoes
699,2100064858975240628,furniture.kitchen.table
700,2100065069009208002,
701,2100065069302809284,
702,2100065080828756704,auto.accessories.winch
703,2100825583029060150,apparel.jeans
704,2102305967893905931,
705,2102307650380235197,
706,2103807459595387724,
707,2104564977229628393,
708,2105319817211805903,
709,2105319819401232597,
710,2106075662325383725,kids.swing
711,2106075695351333719,
712,2106075725441269865,
713,2106830258215846573,
714,2109094148110811752,computers.notebook
715,2109094161893294334,apparel.costume
716,2110187392055903187,
717,2110187395394568257,appliances.kitchen.refrigerators
718,2110187395688169553,apparel.skirt
719,2110187395721723987,apparel.costume
720,2110187395755278421,
721,2110937143172923797,construction.tools.light
722,2110937189033444097,accessories.bag
723,2110937189394154243,
724,2110937217663763331,apparel.jacket
725,2110937218225800069,apparel.dress
726,2110937219005940617,apparel.trousers
727,2110937219442148235,
728,2110937221648352149,apparel.trousers
729,2110937222638207897,
730,2110937223082804123,furniture.living_room.cabinet
731,2112418071384687332,
732,2112418215870071678,
733,2113934850560885372,apparel.shoes.keds
734,2116907504691576833,
735,2116907507795361987,
736,2116907507954745551,
737,2116907518801216297,
738,2116907519078040377,apparel.shoes
739,2116907524262199379,apparel.shoes
740,2116907524295753813,apparel.shoes.keds
741,2116907524337696855,apparel.shoes.keds
742,2116907524379639897,apparel.shoes
743,2116907524488691805,apparel.shoes.keds
744,2116907524530634847,apparel.shoes
745,2116907524572577889,apparel.shoes
746,2116907525143003265,sport.bicycle
747,2116907525176557699,sport.bicycle
748,2116907525201723525,
749,2116907525235277959,sport.bicycle
750,2119149008294249184,
751,2119910569631810087,
752,2124430574616576362,
753,2125175529001713727,
754,2125175570022007765,
755,2125931803410694331,
756,2126679652444405974,
757,2126679654801604876,accessories.bag
758,2126679657276244294,
759,2127424806855902066,
760,2127424820051182462,apparel.sock
761,2127425270821421370,
762,2127425375913902544,
763,2127425430859285014,
764,2127425432411177496,
765,2127425433661080090,
766,2127425434894205468,construction.tools.painting
767,2127425436764865054,construction.tools.welding
768,2127425438190928416,
769,2127425439776375330,
770,2127425440925614628,
771,2134904816839688395,
772,2134904835026190593,
773,2134904980736311929,electronics.clocks
774,2134904982346924669,electronics.clocks
775,2134905019189691101,
776,2134905035589419799,
777,2134905039313961849,
778,2134905041696326587,
779,2134905044766557181,appliances.environment.vacuum
780,2134905044833666047,auto.accessories.compressor
781,2134905045102100487,furniture.kitchen.table
782,2134905045177597961,sport.tennis
783,2134905045253095435,sport.tennis
784,2134905045328592909,
785,2134905045538308115,
786,2134905045613805589,
787,2135658359968236364,
788,2135658542101693154,sport.snowboard
789,2135658542386905834,
790,2135658542781170420,apparel.shoes
791,2135658543242543872,apparel.shoes
792,2135658545767514950,apparel.costume
793,2135658545893344074,
794,2136221634460123799,
795,2136389353511846005,apparel.shoes.sandals
796,2136389354015162499,apparel.shoes.sandals
797,2136935916512478049,appliances.kitchen.kettle
798,2137134549706998477,apparel.shoes.moccasins
799,2137704922018218396,
800,2137704926053138958,
801,2138568472580325973,sport.bicycle
802,2139150089359196199,accessories.bag
803,2140784658734907686,apparel.shoes
804,2141229835995840847,
805,2141355031935321056,stationery.cartrige
806,2141355067922449282,
807,2141355068383822734,
808,2141478391264576072,
809,2141478391348462154,
810,2141478496122176368,
811,2142047355153678986,
812,2142171269733286244,
813,2144356630513320518,
814,2144916515806248980,construction.tools.saw
815,2145153815500816706,
816,2145603402644587402,
817,2145727308156108933,
818,2145727399348666855,
819,2145727399449330153,
820,2145727399558382059,
821,2146306510567768475,
822,2146430800906682785,
823,2146430800990568867,
824,2146430820443751321,apparel.shoes.ballet_shoes
825,2146551843914777018,apparel.costume
826,2146551844904632788,apparel.tshirt
827,2146551904958677622,
828,2146660886926852416,
829,2146660887002349890,apparel.dress
830,2146660887094624580,apparel.jeans
831,2146660887203676486,apparel.costume
832,2146660887346282824,apparel.tshirt
833,2147123662791115686,
834,2147123662858224552,auto.accessories.anti_freeze
835,2147123663017608108,apparel.glove
836,2147846602826449803,
837,2149484526546452752,apparel.trousers
838,2149484852091552186,
839,2149939352476582010,
840,2150829657950257794,
841,2150829923885908490,
842,2150829948548416122,construction.tools.soldering
843,2150829959453606568,
844,2151563850841850061,
845,2151564008329576933,
846,2151564095713706619,
847,2152167773222993940,
848,2152289023127715889,
849,2152289064542273825,
850,2155114825741500949,
851,2155114835690390267,apparel.shirt
852,2155241212938814273,
853,2155812777791324581,
854,2156501936323428882,
855,2156718775112565355,
856,2158174724725670855,
857,2158174729414901910,
858,2158174784544834196,
859,2159419215583380463,
860,2159535974915244827,
861,2159535995811266819,apparel.glove
862,2159536004787077583,
863,2159649186167915110,
864,2160098698049093979,
865,2160912607672795565,
866,2160912616539554409,
867,2160912655915679819,
868,2162513024617808683,
869,2162513044893073459,
870,2162513070000177858,
871,2162513070503494350,construction.tools.welding
872,2162513074060264222,
873,2163212765890609705,
874,2163334577303585455,apparel.shoes
875,2163334578259886795,apparel.shoes
876,2164367422893589471,
877,2164367423673730033,apparel.shoes
878,2164478103445832281,apparel.shoes
879,2164478104343413363,apparel.shoes
880,2164598684107407750,
881,2165087460176953468,auto.accessories.compressor
882,2166064333434388927,
883,2166064674305475225,
884,2166064797106307229,sport.trainer
885,2166064855264526831,apparel.jumper
886,2166064863317590601,
887,2166773308459057374,
888,2171876313638371452,furniture.living_room.cabinet
889,2171876346882425704,
890,2171876348610478994,apparel.shirt
891,2171876348702753684,apparel.skirt
892,2171876361721872578,apparel.costume
893,2172371118332051820,apparel.shoes
894,2172371122509578610,apparel.shoes
895,2172371436436455782,electronics.tablet
896,2173216763896922288,apparel.shirt
897,2173216765583032544,apparel.shirt
898,2173216776639218138,
899,2173325534287627249,apparel.costume
900,2174721075571589819,
901,2175419524847763461,
902,2175419595093967522,
903,2175419595697947312,
904,2176851562834428674,construction.tools.welding
905,2179887839699796424,apparel.shoes
906,2179887840530268640,apparel.shoes
907,2179887855134835524,
908,2179887863137566752,
909,2180736567012753620,
910,2180736592824501056,
911,2181922917904810326,
912,2181922978520891990,
913,2181922982354485892,sport.ski
914,2182779801528435624,
915,2182780329306096562,apparel.trousers
916,2182780429113753770,
917,2186437187866722802,
918,2186437320398340890,
919,2186437842094261028,apparel.jumper
920,2186437842832458550,apparel.jumper
921,2187707789055361298,construction.tools.screw
922,2191335803840364588,construction.tools.drill
923,2193508859874640225,
924,2195638368530858580,apparel.tshirt
925,2197886010094781004,
926,2232732061737681738,computers.peripherals.monitor
927,2232732061804790604,furniture.bedroom.bed
928,2232732062048060242,appliances.kitchen.washer
929,2232732062115169108,computers.peripherals.printer
930,2232732062190666582,appliances.kitchen.hood
931,2232732064673694591,appliances.kitchen.dishwasher
932,2232732065311228801,appliances.kitchen.juicer
933,2232732066611463064,
934,2232732066963784607,
935,2232732067123168163,
936,2232732067399992229,computers.ebooks
937,2232732067559375783,
938,2232732069102879671,appliances.kitchen.kettle
939,2232732069279040441,auto.accessories.alarm
940,2232732070637994954,furniture.kitchen.table
941,2232732071208420303,furniture.living_room.chair
942,2232732071460078545,kids.toys
943,2232732073574007777,furniture.kitchen.chair
944,2232732074228319207,kids.toys
945,2232732074379314153,appliances.personal.hair_cutter
946,2232732074664526829,computers.peripherals.camera
947,2232732074815521775,computers.peripherals.mouse
948,2232732074991682545,computers.peripherals.keyboard
949,2232732076711346189,
950,2232732077902528542,appliances.personal.scales
951,2232732078733000751,electronics.telephone
952,2232732079009824823,kids.skates
953,2232732079362146365,electronics.audio.acoustic
954,2232732079462809663,
955,2232732079588638785,apparel.glove
956,2232732079706079299,sport.bicycle
957,2232732079823519813,sport.bicycle
958,2232732080125509708,
959,2232732080201007182,construction.tools.drill
960,2232732081383800932,
961,2232732081450909798,
962,2232732081585127530,construction.components.faucet
963,2232732081702568046,furniture.bathroom.toilet
964,2232732081895506036,furniture.bedroom.bed
965,2232732081979392118,furniture.living_room.cabinet
966,2232732082063278200,electronics.clocks
967,2232732082121998458,kids.toys
968,2232732082189107324,
969,2232732082256216190,
970,2232732082331713664,
971,2232732082390433922,electronics.audio.subwoofer
972,2232732082474320004,
973,2232732082549817478,
974,2232732082642092168,
975,2232732082667257993,
976,2232732082734366859,electronics.audio.acoustic
977,2232732082809864333,electronics.audio.music_tools.piano
978,2232732082868584591,electronics.audio.music_tools.piano
979,2232732082935693457,accessories.bag
980,2232732083002802323,
981,2232732083229294743,furniture.kitchen.chair
982,2232732083304792217,
983,2232732083380289691,
984,2232732083455787165,
985,2232732083615170721,
986,2232732083690668195,
987,2232732083757777061,
988,2232732083824885927,kids.fmcg.diapers
989,2232732083900383401,
990,2232732083992658091,computers.peripherals.printer
991,2232732084420477103,
992,2232732084546306225,furniture.living_room.chair
993,2232732084688912563,furniture.kitchen.chair
994,2232732084797964469,
995,2232732085041234105,apparel.shirt
996,2232732085150286011,computers.desktop
997,2232732085267726525,furniture.kitchen.table
998,2232732085393555647,furniture.living_room.sofa
999,2232732085477441729,furniture.kitchen.table
1000,2232732085594882243,
1001,2232732085729099973,computers.desktop
1002,2232732085846540487,construction.tools.generator
1003,2232732085997535433,accessories.bag
1004,2232732086089810123,electronics.smartphone
1005,2232732086173696205,apparel.tshirt
1006,2232732086257582287,electronics.tablet
1007,2232732086358245585,computers.peripherals.printer
1008,2232732086433743059,
1009,2232732086500851925,apparel.scarf
1010,2232732086651846873,apparel.shoes
1011,2232732086802841821,
1012,2232732086928670945,electronics.camera.photo
1013,2232732086987391203,apparel.shoes.sandals
1014,2232732087272603883,construction.tools.saw
1015,2232732087339712749,appliances.ironing_board
1016,2232732087742365937,construction.tools.saw
1017,2232732087834640627,appliances.kitchen.grill
1018,2232732088002412789,
1019,2232732088103076087,
1020,2232732088245682425,
1021,2232732088337957115,
1022,2232732088413454589,furniture.universal.light
1023,2232732088480563455,
1024,2232732089042600205,furniture.bedroom.bed
1025,2232732089109709071,apparel.shoes
1026,2232732089269092627,
1027,2232732089302647060,furniture.bedroom.blanket
1028,2232732089369755926,accessories.bag
1029,2232732089436864792,
1030,2232732089503973658,
1031,2232732089587859740,appliances.personal.hair_cutter
1032,2232732089663357214,computers.peripherals.mouse
1033,2232732090200228138,
1034,2232732090292502828,
1035,2232732090409943342,furniture.bedroom.pillow
1036,2232732090485440816,furniture.bedroom.pillow
1037,2232732090569326898,appliances.personal.massager
1038,2232732090669990196,furniture.living_room.chair
1039,2232732090770653494,
1040,2232732090862928184,
1041,2232732090980368698,furniture.living_room.sofa
1042,2232732091055866172,
1043,2232732091131363646,
1044,2232732091307524418,appliances.kitchen.refrigerators
1045,2232732091391410500,appliances.kitchen.blender
1046,2232732091483685190,
1047,2232732091559182664,
1048,2232732091643068746,
1049,2232732091718566220,appliances.kitchen.refrigerators
1050,2232732091961835858,appliances.environment.air_heater
1051,2232732092028944724,construction.tools.saw
1052,2232732092087664982,electronics.audio.microphone
1053,2232732092221882714,electronics.audio.microphone
1054,2232732092297380188,appliances.kitchen.washer
1055,2232732092356100446,
1056,2232732092414820704,
1057,2232732092490318178,computers.desktop
1058,2232732092565815652,appliances.kitchen.oven
1059,2232732092624535910,furniture.universal.light
1060,2232732092767142250,furniture.universal.light
1061,2232732092825862508,
1062,2232732092892971374,
1063,2232732092951691632,
1064,2232732093077520756,construction.tools.light
1065,2232732093144629622,construction.tools.light
1066,2232732093345956218,construction.tools.light
1067,2232732093421453692,furniture.bedroom.blanket
1068,2232732093681500546,auto.accessories.compressor
1069,2232732093857661318,furniture.bedroom.blanket
1070,2232732093941547400,furniture.bedroom.blanket
1071,2232732094025433482,furniture.bedroom.blanket
1072,2232732094134485388,
1073,2232732094235148686,
1074,2232732094302257552,furniture.kitchen.table
1075,2232732094386143634,computers.components.power_supply
1076,2232732094646190486,
1077,2232732094730076568,
1078,2232732095074009504,construction.tools.welding
1079,2232732095392776612,sport.trainer
1080,2232732095485051302,sport.trainer
1081,2232732095568937384,sport.trainer
1082,2232732096365855160,
1083,2232732096995000776,sport.trainer
1084,2232732097087275466,sport.trainer
1085,2232732097179550156,sport.trainer
1086,2232732097255047630,accessories.bag
1087,2232732097330545104,accessories.bag
1088,2232732097397653970,accessories.wallet
1089,2232732097473151444,apparel.belt
1090,2232732097548648918,apparel.shoes
1091,2232732097582203351,apparel.shoes
1092,2232732097649312217,apparel.shoes.keds
1093,2232732097708032475,apparel.shoes
1094,2232732097775141341,apparel.shoes.keds
1095,2232732097842250207,apparel.shoes.keds
1096,2232732097934524897,apparel.shoes.keds
1097,2232732097993245155,apparel.shoes.sandals
1098,2232732098077131237,apparel.shoes.moccasins
1099,2232732098135851495,apparel.shoes
1100,2232732098228126185,apparel.shoes
1101,2232732098303623659,apparel.shoes.espadrilles
1102,2232732098370732525,apparel.shoes.moccasins
1103,2232732098446229999,apparel.shoes.sandals
1104,2232732098546893297,apparel.shoes.keds
1105,2232732098614002163,apparel.shoes.sandals
1106,2232732098706276853,apparel.shoes
1107,2232732098806940151,apparel.shoes.moccasins
1108,2232732099025043963,apparel.shoes.moccasins
1109,2232732099125707261,sport.trainer
1110,2232732099243147775,furniture.living_room.chair
1111,2232732099436085763,construction.tools.welding
1112,2232732099519971845,construction.tools.welding
1113,2232732099595469319,furniture.living_room.chair
1114,2232732099670966793,appliances.personal.massager
1115,2232732099754852875,appliances.personal.massager
1116,2232732099838738957,appliances.personal.massager
1117,2232732099981345295,appliances.personal.massager
1118,2232732100056842769,appliances.personal.massager
1119,2232732100132340243,appliances.personal.massager
1120,2232732100224614933,country_yard.cultivator
1121,2232732100342055447,appliances.personal.massager
1122,2232732100534993435,appliances.personal.massager
1123,2232732100660822557,country_yard.cultivator
1124,2232732100769874463,appliances.personal.massager
1125,2232732100954423843,appliances.personal.massager
1126,2232732101063475749,appliances.environment.vacuum
1127,2232732101164139047,appliances.environment.vacuum
1128,2232732101239636521,computers.components.cooler
1129,2232732101323522603,apparel.shoes.slipons
1130,2232732101407408685,apparel.shoes.slipons
1131,2232732101575180847,computers.components.cooler
1132,2232732101667455537,apparel.shoes.slipons
1133,2232732101734564403,
1134,2232732101835227701,
1135,2232732101919113783,furniture.bedroom.blanket
1136,2232732102019777081,apparel.shoes.keds
1137,2232732102103663163,furniture.bedroom.blanket
1138,2232732102204326461,furniture.bedroom.blanket
1139,2232732102304989759,apparel.shoes.slipons
1140,2232732102414041665,computers.components.cooler
1141,2232732102539870787,
1142,2232732102640534085,apparel.shoes.keds
1143,2232732102749585991,appliances.kitchen.hob
1144,2232732102858637897,furniture.bedroom.blanket
1145,2232732102950912587,appliances.sewing_machine
1146,2232732103026410061,furniture.bedroom.blanket
1147,2232732103101907535,electronics.clocks
1148,2232732103210959441,computers.ebooks
1149,2232732103294845523,apparel.shoes.step_ins
1150,2232732103462617687,apparel.shoes.slipons
1151,2232732103546503769,apparel.shoes
1152,2232732103613612635,apparel.shoes.ballet_shoes
1153,2232732103689110109,apparel.shoes
1154,2232732103764607583,apparel.shoes
1155,2232732103831716449,apparel.shoes
1156,2232732103907213923,furniture.kitchen.table
1157,2232732103982711397,furniture.kitchen.table
1158,2232732104066597479,furniture.kitchen.table
1159,2232732104175649385,apparel.scarf
1160,2232732104259535467,apparel.scarf
1161,2232732104343421549,apparel.scarf
1162,2232732104418919023,apparel.shoes.step_ins
1163,2232732104494416497,apparel.shoes
1164,2232732104569913971,appliances.kitchen.grill
1165,2232732104653800053,appliances.kitchen.grill
1166,2232732104788017783,appliances.kitchen.grill
1167,2232732104888681081,apparel.scarf
1168,2232732105014510203,apparel.sock
1169,2232732105123562109,apparel.scarf
1170,2232732105282945663,
1171,2232732105425552001,
1172,2232732105635267203,kids.swing
1173,2232732105811427975,appliances.kitchen.grill
1174,2232732105912091273,appliances.kitchen.mixer
1175,2232732106004365963,appliances.kitchen.grill
1176,2232732106096640653,appliances.kitchen.toster
1177,2232732106247635599,appliances.kitchen.toster
1178,2232732106373464721,appliances.kitchen.toster
1179,2232732106717397655,
1180,2232732106792895129,
1181,2232732106860003995,
1182,2232732106943890077,appliances.kitchen.toster
1183,2232732107019387551,stationery.cartrige
1184,2232732107111662241,appliances.kitchen.toster
1185,2232732107212325539,
1186,2232732107312988837,apparel.shorts
1187,2232732107413652135,apparel.shorts
1188,2232732107489149609,apparel.shorts
1189,2232732107614978731,apparel.shorts
1190,2232732107698864813,
1191,2232732107774362287,
1192,2232732107883414193,electronics.audio.acoustic
1193,2232732107967300275,apparel.underwear
1194,2232732108059574965,apparel.underwear
1195,2232732108168626872,apparel.underwear
1196,2232732108244124346,apparel.underwear
1197,2232732108319621820,apparel.underwear
1198,2232732108453839552,accessories.bag
1199,2232732108613223108,sport.trainer
1200,2232732108713886406,apparel.costume
1201,2232732108780995272,sport.trainer
1202,2232732108839715530,apparel.costume
1203,2232732108923601612,apparel.costume
1204,2232732108982321870,apparel.costume
1205,2232732109049430736,apparel.costume
1206,2232732109108150994,construction.tools.painting
1207,2232732109175259860,sport.trainer
1208,2232732109250757334,construction.tools.painting
1209,2232732109359809240,construction.tools.painting
1210,2232732109418529498,apparel.shirt
1211,2232732109494026972,accessories.umbrella
1212,2232732109561135838,accessories.umbrella
1213,2232732109628244704,apparel.shirt
1214,2232732109712130786,accessories.umbrella
1215,2232732109796016868,apparel.shirt
1216,2232732109871514342,accessories.umbrella
1217,2232732110022509290,sport.ski
1218,2232732110089618156,apparel.trousers
1219,2232732110148338414,apparel.trousers
1220,2232732110207058672,appliances.kitchen.kettle
1221,2232732110274167538,appliances.kitchen.kettle
1222,2232732110450328310,country_yard.furniture.hammok
1223,2232732110517437176,apparel.shirt
1224,2232732110576157434,
1225,2232732110643266300,country_yard.furniture.hammok
1226,2232732110718763774,furniture.living_room.cabinet
1227,2232732110794261248,construction.tools.pump
1228,2232732110861370114,furniture.living_room.cabinet
1229,2232732110936867588,construction.tools.pump
1230,2232732111012365062,country_yard.furniture.hammok
1231,2232732111087862536,kids.swing
1232,2232732111154971402,construction.tools.pump
1233,2232732111238857484,sport.tennis
1234,2232732111557624596,construction.tools.saw
1235,2232732111633122070,furniture.kitchen.table
1236,2232732111700230936,furniture.kitchen.table
1237,2232732111775728410,kids.swing
1238,2232732111876391708,construction.tools.saw
1239,2232732111943500574,furniture.kitchen.table
1240,2232732112035775264,sport.tennis
1241,2232732112128049954,sport.tennis
1242,2232732112211936036,apparel.tshirt
1243,2232732112304210726,kids.swing
1244,2232732112438428456,apparel.tshirt
1245,2232732112539091754,kids.swing
1246,2232732112614589228,furniture.kitchen.table
1247,2232732112706863918,apparel.tshirt
1248,2232732112782361392,kids.swing
1249,2232732112857858866,computers.notebook
1250,2232732112924967732,
1251,2232732113017242422,computers.notebook
1252,2232732113235346234,apparel.tshirt
1253,2232732113310843708,construction.tools.light
1254,2232732113403118398,kids.swing
1255,2232732113503781696,accessories.bag
1256,2232732113596056386,accessories.bag
1257,2232732113872880456,apparel.shoes
1258,2232732113948377930,sport.bicycle
1259,2232732114057429836,appliances.kitchen.refrigerators
1260,2232732114124538702,apparel.shoes
1261,2232732114200036176,construction.tools.light
1262,2232732114283922258,furniture.bathroom.bath
1263,2232732114376196948,furniture.bathroom.bath
1264,2232732114460083030,furniture.living_room.cabinet
1265,2232732114535580504,furniture.living_room.cabinet
1266,2232732114611077978,construction.tools.light
1267,2232732114686575452,furniture.bathroom.bath
1268,2232732114845959008,apparel.shoes.keds
1269,2232732114929845090,apparel.shoes
1270,2232732115005342564,apparel.shoes.keds
1271,2232732115072451430,apparel.shoes.keds
1272,2232732115290555244,apparel.shoes
1273,2232732115533824882,apparel.shoes
1274,2232732115617710964,apparel.shoes.keds
1275,2232732115777094520,apparel.underwear
1276,2232732116137804674,apparel.underwear
1277,2232732116347519880,appliances.environment.vacuum
1278,2232732116498514828,apparel.jeans
1279,2232732117446427558,apparel.shoes
1280,2232732118536946624,apparel.shoes
1281,2232732119400973272,apparel.costume
1282,2232732119493247962,apparel.costume
1283,2232732119585522652,apparel.costume
1284,2232732119669408734,apparel.shoes
1285,2232732120315331568,sport.snowboard
1286,2232732120382440434,sport.snowboard
1287,2232732120457937908,sport.diving
1288,2232732120533435382,stationery.cartrige
1289,2232732120617321464,apparel.shoes
1290,2232732120684430330,apparel.shoes
1291,2232732120768316412,apparel.shoes
1292,2232732120852202494,apparel.shoes
1293,2232732120927698944,sport.diving
1294,2232732120994807810,apparel.shoes
1295,2232732121070305284,construction.tools.saw
1296,2232732121229688840,apparel.shoes
1297,2232732122924187694,construction.tools.soldering
1298,2232732123050016818,apparel.trousers
1299,2232732124115370060,apparel.shoes.moccasins
1300,2232732124283142224,apparel.shirt
1301,2232732124526411862,apparel.shoes
1302,2232732124610297944,
1303,2232732124778070108,apparel.shirt
1304,2232732124853567582,apparel.shirt
1305,2232732125549822064,auto.accessories.anti_freeze
1306,2232732127412093084,apparel.glove
1307,2232732127479201950,accessories.bag
1308,2232732127554699424,apparel.shoes
1309,2232732127638585506,apparel.shoes
1310,2232732127806357670,apparel.costume
1311,2232732127974129834,apparel.shirt
1312,2232732128041238700,apparel.shirt
1313,2232732129735737558,sport.ski
1314,2232732130230665442,apparel.shoes
1315,2232732130591375596,sport.ski
1316,2232732130985640184,sport.trainer
1317,2232732132814356774,construction.tools.screw
1318,2232732133149901102,construction.tools.drill
1319,2232732133720326458,electronics.clocks
1320,2232732133913264446,apparel.tshirt
1321,2232732133988761920,apparel.sock
1322,2232732134081036610,apparel.tshirt
1323,2232732134156534084,apparel.tshirt
1324,2232732134240420166,apparel.sock
1325,2232732134299140424,apparel.tshirt
1326,2232732134366249290,apparel.tshirt
1327,2232732134441746764,apparel.tshirt
1328,2232732134987006296,electronics.audio.headphone
1329,2232732135054115162,apparel.trousers
1330,2232732135146389852,apparel.trousers
1331,2232732135960084850,apparel.costume
1332,2232732137780412838,furniture.kitchen.table
1333,2232732138325672372,apparel.costume
